rank,uniprot_primary,organism,predicted_log_kcat,log_kcat,delta
1.0,Q03013,Atactodea striata,2.820607,2.8143844495937604,0.00622249735142999
2.0,P10620,Atactodea striata,2.8170447,2.8143844495937604,0.0026602853610735444
3.0,O60760,Atactodea striata,2.8097692,2.8143844495937604,-0.004615295998789737
