rank,uniprot_primary,organism,predicted_log_kcat,log_kcat,delta
1.0,C0HLV7,Shiraia sp. SUPER-H168,3.0807993,3.07066774672481,0.010131594476972428
2.0,Q84J37,Shiraia sp. SUPER-H168,3.0524492,3.07066774672481,-0.018218520345415268
3.0,P07788,Shiraia sp. SUPER-H168,3.0376894,3.07066774672481,-0.0329782993218557
