rank,uniprot_primary,organism,predicted_log_kcat,log_kcat,delta
1.0,O07012,Kluyveromyces marxianus,3.9365861,3.932423026376739,0.004163115209564694
2.0,P23780,Kluyveromyces marxianus,3.9323215,3.932423026376739,-0.0001014779148249545
3.0,P00722,Kluyveromyces marxianus,3.932211,3.932423026376739,-0.0002121041355280795
